﻿<?xml version="1.0"?>
<lom xmlns="http://www.imsglobal.org/xsd/imsmd_rootv1p2p1"
xmlns:xsi ="http://www.w3.org/2001/XMLSchema-instance"
xsi:schemaLocation="http://www.imsglobal.org/xsd/imsmd_rootv1p2p1 imsmd_rootv1p2p1.xsd">
<general>
  <title>
     <langstring xml:lang="x-none">lernziele_jca</langstring>
  </title>
  <catalogentry>
     <catalog>TBD</catalog>
     <entry>
        <langstring xml:lang="x-none">TBD</langstring>
     </entry>
  </catalogentry>
  <description>
     <langstring xml:lang="x-none">lernziele erstellen, wbt</langstring>
  </description>
            <keyword>
     <langstring xml:lang="x-none">lernziele</langstring>            </keyword>
            <keyword>
     <langstring xml:lang="x-none">wbt</langstring>            </keyword>
</general>
<lifecycle>
  <version>
     <langstring xml:lang="x-none">1.0</langstring>
  </version>
  <status>
        <source>
           <langstring xml:lang="x-none">LOMv1.0</langstring>
        </source>
        <value>
           <langstring xml:lang="x-none">Final</langstring>
        </value>
  </status>
</lifecycle>
<metametadata>
  <metadatascheme>LOM-1.0</metadatascheme>
</metametadata>
<technical>
  <format>graphics/gif</format>
  <format>graphics/jpg</format>
  <format>text/html</format>
  <location>./</location>
</technical>
<rights>
 <cost>
       <source>
          <langstring xml:lang="x-none">LOMv1.0</langstring>
       </source>
       <value>
          <langstring xml:lang="x-none">no</langstring>
       </value>
 </cost>
 <copyrightandotherrestrictions>
       <source>
          <langstring xml:lang="x-none">LOMv1.0</langstring>
       </source>
       <value>
          <langstring xml:lang="x-none">yes</langstring>
       </value>
 </copyrightandotherrestrictions>
 <description>
    <langstring xml:lang="x-none">All rights reserved</langstring>
 </description>
</rights>
<classification>
 <purpose>
       <source>
          <langstring xml:lang="x-none">LOMv1.0</langstring>
       </source>
       <value>
          <langstring xml:lang="x-none">Educational Objective</langstring>
       </value>
 </purpose>
 <description>
    <langstring xml:lang="x-none">Learning Content</langstring>
 </description>
 <keyword>
    <langstring xml:lang="x-none">lernziele, wbt</langstring>
 </keyword>
</classification>
</lom>
